Timestamp,Overall Satisfaction,Product Quality Rating,Customer Service Rating,Would Recommend,What did you like most?,What can we improve?,Age Group,How did you hear about us?
2024-01-15,Satisfied,5,4,Yes,The product quality is amazing and delivery was fast,Could improve the packaging,18-25,Social Media
2024-01-16,Very Satisfied,5,5,Yes,Excellent customer service and great quality products,Nothing to improve everything was perfect,26-35,Friend Referral
2024-01-17,Neutral,3,3,Maybe,Price is reasonable,The website is confusing and hard to navigate,36-45,Google Search
2024-01-18,Dissatisfied,2,2,No,Nothing really stood out,Poor customer service and slow delivery very disappointing,46-55,Advertisement
2024-01-19,Very Satisfied,5,5,Yes,Amazing experience loved everything about it,Packaging could be more eco-friendly,18-25,Social Media
2024-01-20,Satisfied,4,4,Yes,Good product and helpful support team,Would love more color options,26-35,Google Search
2024-01-21,Very Satisfied,5,5,Yes,Outstanding quality and fast shipping excellent service,Nothing all was great,36-45,Friend Referral
2024-01-22,Neutral,3,4,Maybe,Decent product quality,Price is a bit high compared to competitors,18-25,Social Media
2024-01-23,Satisfied,4,3,Yes,Good quality products,Website navigation could be better and easier,26-35,Advertisement
2024-01-24,Very Satisfied,5,5,Yes,Love the quality and the friendly helpful customer service,More product variety would be nice,46-55,Friend Referral
2024-01-25,Dissatisfied,2,1,No,Nothing everything was terrible and frustrating,Fix the broken checkout process and improve customer support,18-25,Google Search
2024-01-26,Satisfied,4,4,Yes,Great value for money and quick delivery,Minor improvements to packaging,26-35,Social Media
2024-01-27,Very Satisfied,5,5,Yes,Absolutely love the product quality and fast shipping,Nothing perfect experience,36-45,Friend Referral
2024-01-28,Neutral,3,3,Maybe,Average product nothing special,Improve the return policy and reduce prices,46-55,Advertisement
2024-01-29,Satisfied,4,4,Yes,Good product quality and responsive support,Would like more payment options,18-25,Google Search
